<?xml version="1.0" encoding="UTF-8"?><kit><id>-99</id><type>3</type><name>KIT TURMA DA BREGADEIRA</name><acessoryType>0</acessoryType><youtubeLink>0</youtubeLink><fixedBackground>false</fixedBackground><kickl><drumId>-99</drumId><imported>false</imported><internal>false</internal><shared>false</shared><melodic>false</melodic><description>kique</description><pan>0</pan><pitch>0</pitch><volume>90</volume><animationType>0</animationType></kickl><kickr><drumId>-99</drumId><imported>false</imported><internal>false</internal><shared>false</shared><melodic>false</melodic><description>kique</description><pan>0</pan><pitch>0</pitch><volume>90</volume><animationType>0</animationType></kickr><snare><drumId>-99</drumId><imported>false</imported><internal>false</internal><shared>false</shared><melodic>false</melodic><description>User 0045</description><pan>0</pan><pitch>0</pitch><volume>90</volume><animationType>0</animationType></snare><tom1><drumId>-99</drumId><imported>false</imported><internal>false</internal><shared>false</shared><melodic>false</melodic><description>User 0041</description><pan>0</pan><pitch>0</pitch><volume>90</volume><animationType>0</animationType></tom1><tom2><drumId>-99</drumId><imported>false</imported><internal>false</internal><shared>false</shared><melodic>false</melodic><description>User 0042</description><pan>0</pan><pitch>0</pitch><volume>90</volume><animationType>0</animationType></tom2><tom3><drumId>-99</drumId><imported>false</imported><internal>false</internal><shared>false</shared><melodic>false</melodic><description>User 0043</description><pan>0</pan><pitch>0</pitch><volume>90</volume><animationType>0</animationType></tom3><floorl><drumId>-99</drumId><imported>false</imported><internal>false</internal><shared>false</shared><melodic>false</melodic><description>User 0044</description><pan>0</pan><pitch>0</pitch><volume>90</volume><animationType>0</animationType></floorl><floorr><drumId>-99</drumId><imported>false</imported><internal>false</internal><shared>false</shared><melodic>false</melodic><description>User 0044</description><pan>0</pan><pitch>0</pitch><volume>90</volume><animationType>0</animationType></floorr><crashl><drumId>-99</drumId><imported>false</imported><internal>false</internal><shared>false</shared><melodic>false</melodic><description>User 0038</description><pan>0</pan><pitch>0</pitch><volume>90</volume><animationType>2</animationType></crashl><crashm><drumId>-99</drumId><imported>false</imported><internal>false</internal><shared>false</shared><melodic>false</melodic><description>User 0040</description><pan>0</pan><pitch>0</pitch><volume>90</volume><animationType>0</animationType></crashm><crashr><drumId>-99</drumId><imported>false</imported><internal>false</internal><shared>false</shared><melodic>false</melodic><description>User 0036</description><pan>0</pan><pitch>0</pitch><volume>90</volume><animationType>0</animationType></crashr><ride><drumId>-99</drumId><imported>false</imported><internal>false</internal><shared>false</shared><melodic>false</melodic><description>User 0037</description><pan>0</pan><pitch>0</pitch><volume>90</volume><animationType>0</animationType></ride><closehhl><drumId>-99</drumId><imported>false</imported><internal>false</internal><shared>false</shared><melodic>false</melodic><description>User 0039</description><pan>0</pan><pitch>0</pitch><volume>34</volume><animationType>2</animationType></closehhl><closehhr><drumId>-99</drumId><imported>false</imported><internal>false</internal><shared>false</shared><melodic>false</melodic><description>User 0039</description><pan>0</pan><pitch>0</pitch><volume>34</volume><animationType>2</animationType></closehhr><openhhl><drumId>-99</drumId><imported>false</imported><internal>false</internal><shared>false</shared><melodic>false</melodic><description>CHINBAL.2</description><pan>0</pan><pitch>0</pitch><volume>90</volume><animationType>0</animationType></openhhl><openhhr><drumId>-99</drumId><imported>false</imported><internal>false</internal><shared>false</shared><melodic>false</melodic><description>CHINBAL.2</description><pan>0</pan><pitch>0</pitch><volume>90</volume><animationType>0</animationType></openhhr></kit>